{
    "animation": [
        {
            "name": "Root",
            "time": [0.0, 0.1667, 0.25, 0.2667, 0.4833, 0.5],
            "transform": [
                [0.962859, -0.011225, 0.26977, -0.058326, 0.268922, 0.129205, -0.954456, -0.039955, -0.024142, 0.991554, 0.127425, 0.731243, 0.0, 0.0, 0.0, 1.0],
                [0.962859, -0.006838, 0.269917, -0.058326, 0.268922, 0.113672, -0.956431, -0.47413, -0.024142, 0.993495, 0.111289, 0.521741, 0.0, 0.0, 0.0, 1.0],
                [0.999974, -0.006838, -0.002408, -0.018352, -0.001615, 0.113672, -0.993517, -0.703814, 0.007068, 0.993495, 0.113658, 0.457322, 0.0, 0.0, 0.0, 1.0],
                [9.6e-05, -1e-06, 2.7e-05, -0.055389, 2.7e-05, 1.3e-05, -9.5e-05, -0.390102, -2e-06, 9.9e-05, 1.3e-05, 0.482391, 0.0, 0.0, 0.0, 1.0],
                [9.6e-05, -1e-06, 2.7e-05, -0.055389, 2.7e-05, 1.3e-05, -9.5e-05, -0.440102, -2e-06, 9.9e-05, 1.3e-05, 0.482391, 0.0, 0.0, 0.0, 1.0],
                [0.962859, -0.011225, 0.26977, -0.058326, 0.268922, 0.129205, -0.954456, -4.061909, -0.024142, 0.991554, 0.127425, 0.731243, 0.0, 0.0, 0.0, 1.0]
            ]
        },
        {
            "name": "Thigh_R",
            "time": [0.0, 0.1667, 0.25, 0.2667, 0.4833, 0.5],
            "transform": [
                [0.875042, 0.343277, 0.341261, 0.124994, 0.153788, -0.865651, 0.47644, -0.002831, 0.458967, -0.364423, -0.810276, -1.2e-05, 0.0, 0.0, 0.0, 1.0],
                [0.945643, 0.318834, 0.064037, 0.124994, 0.237153, -0.810837, 0.535071, -0.002831, 0.222524, -0.490799, -0.842376, -1.2e-05, 0.0, 0.0, 0.0, 1.0],
                [0.984255, 0.147639, -0.097171, 0.124994, 0.162181, -0.535819, 0.82861, -0.002831, 0.070271, -0.831321, -0.551328, -1.2e-05, 0.0, 0.0, 0.0, 1.0],
                [0.868866, 0.346701, 0.353364, 0.125061, 0.161682, -0.873394, 0.459391, -0.001493, 0.467901, -0.342017, -0.814921, 0.000229, 0.0, 0.0, 0.0, 1.0],
                [0.962767, 0.269217, -0.024494, 0.125389, -0.011081, 0.129848, 0.991473, -0.002842, 0.270105, -0.954284, 0.127998, 0.000519, 0.0, 0.0, 0.0, 1.0],
                [0.875042, 0.343278, 0.341261, 0.124994, 0.153788, -0.865651, 0.476441, -0.002831, 0.458967, -0.364423, -0.810276, -1.2e-05, 0.0, 0.0, 0.0, 1.0]
            ]
        },
        {
            "name": "Leg_R",
            "time": [0.0, 0.1667, 0.25, 0.2667, 0.4833, 0.5],
            "transform": [
                [1.0, -0.0, 1e-06, -0.0, -0.0, 0.938565, 0.345105, 0.37472, -1e-06, -0.345106, 0.938564, -0.0, 0.0, 0.0, 0.0, 1.0],
                [1.0, -1e-06, 0.0, 0.0, -0.0, 0.23361, 0.972332, 0.37472, -1e-06, -0.97233, 0.233608, 0.0, 0.0, 0.0, 0.0, 1.0],
                [1.0, -1e-06, 0.0, 0.0, -0.0, 0.087519, 0.996164, 0.37472, -1e-06, -0.996162, 0.087518, 0.0, 0.0, 0.0, 0.0, 1.0],
                [1.0, -0.0, 1e-06, 6.1e-05, -1e-06, 0.911641, 0.41099, 0.374954, -1e-06, -0.41099, 0.91164, 2.7e-05, 0.0, 0.0, 0.0, 1.0],
                [1.0, 0.0, 1e-06, 4.7e-05, -1e-06, 0.999992, 0.004218, 0.375032, 0.0, -0.004219, 0.999991, 0.000663, 0.0, 0.0, 0.0, 1.0],
                [1.0, -0.0, 1e-06, -0.0, -0.0, 0.938564, 0.345108, 0.374721, -1e-06, -0.345108, 0.938563, 0.0, 0.0, 0.0, 0.0, 1.0]
            ]
        },
        {
            "name": "Knee_R",
            "time": [0.0, 0.1667, 0.25, 0.2667, 0.4833, 0.5],
            "transform": [
                [1.0, 0.0, -0.0, -0.0, -0.0, 1e-06, -1.0, 0.37472, -0.0, 1.0, 1e-06, 0.0, 0.0, 0.0, 0.0, 1.0],
                [1.0, 0.0, -0.0, 0.0, -0.0, 1e-06, -1.0, 0.459953, -0.0, 1.0, 1e-06, -0.0, 0.0, 0.0, 0.0, 1.0],
                [1.0, 0.0, -0.0, 0.0, -0.0, 1e-06, -1.0, 0.475515, -0.0, 1.0, 1e-06, -0.0, 0.0, 0.0, 0.0, 1.0],
                [1.0, -0.0, -1e-06, -6.1e-05, -1e-06, 1e-06, -1.0, 0.375931, 0.0, 1.0, 1e-06, -0.000336, 0.0, 0.0, 0.0, 1.0],
                [1.0, -1e-06, -1e-06, -1.5e-05, -1e-06, 1e-06, -1.0, 0.376008, 1e-06, 1.0, 1e-06, 0.000663, 0.0, 0.0, 0.0, 1.0],
                [1.0, 0.0, -0.0, -0.0, -0.0, 1e-06, -1.0, 0.37472, -0.0, 1.0, 1e-06, -0.0, 0.0, 0.0, 0.0, 1.0]
            ]
        },
        {
            "name": "Thigh_L",
            "time": [0.0, 0.1667, 0.25, 0.2667, 0.4833, 0.5],
            "transform": [
                [0.796139, -0.267957, -0.542552, -0.125006, -0.071485, -0.931983, 0.355384, -0.002831, -0.600876, -0.244146, -0.761142, -1.2e-05, 0.0, 0.0, 0.0, 1.0],
                [0.981847, 0.129106, 0.138946, -0.125006, -0.083008, -0.366177, 0.926835, -0.002831, 0.170543, -0.921544, -0.348813, -1.2e-05, 0.0, 0.0, 0.0, 1.0],
                [0.987366, -0.15566, 0.029631, -0.125006, -0.098341, -0.45537, 0.884853, -0.002831, -0.12424, -0.876587, -0.464925, -1.2e-05, 0.0, 0.0, 0.0, 1.0],
                [0.852685, -0.224213, -0.471865, -0.124863, 0.011279, -0.895115, 0.445695, -0.000685, -0.522301, -0.385355, -0.760722, 0.000717, 0.0, 0.0, 0.0, 1.0],
                [0.773692, 0.267557, -0.574292, -0.124969, 0.561747, 0.12948, 0.817114, -0.00154, 0.292985, -0.954802, -0.05012, 0.000839, 0.0, 0.0, 0.0, 1.0],
                [0.796138, -0.267957, -0.542553, -0.125006, -0.071485, -0.931983, 0.355384, -0.002831, -0.600877, -0.244146, -0.761141, -1.2e-05, 0.0, 0.0, 0.0, 1.0]
            ]
        },
        {
            "name": "Leg_L",
            "time": [0.0, 0.1667, 0.25, 0.2667, 0.4833, 0.5],
            "transform": [
                [1.0, -0.0, 1e-06, 0.0, -0.0, 0.902897, 0.429855, 0.37472, -1e-06, -0.429856, 0.902899, 0.0, 0.0, 0.0, 0.0, 1.0],
                [1.0, -1e-06, 1e-06, -0.0, -0.0, 0.419178, 0.907906, 0.37472, -1e-06, -0.907903, 0.419178, -0.0, 0.0, 0.0, 0.0, 1.0],
                [1.0, -0.0, 1e-06, 0.0, -0.0, 0.909509, 0.415683, 0.37472, -1e-06, -0.415683, 0.90951, -0.0, 0.0, 0.0, 0.0, 1.0],
                [1.0, -0.0, 1e-06, -3.1e-05, -0.0, 0.890122, 0.45572, 0.375092, -1e-06, -0.455721, 0.890125, 0.000763, 0.0, 0.0, 0.0, 1.0],
                [1.0, 0.0, 0.0, -1.1e-05, -0.0, 0.999991, 0.004227, 0.375353, -0.0, -0.004227, 0.999991, -3.2e-05, 0.0, 0.0, 0.0, 1.0],
                [1.0, -0.0, 1e-06, -0.0, -0.0, 0.902897, 0.429856, 0.37472, -1e-06, -0.429857, 0.902898, 0.0, 0.0, 0.0, 0.0, 1.0]
            ]
        },
        {
            "name": "Knee_L",
            "time": [0.0, 0.1667, 0.25, 0.2667, 0.4833, 0.5],
            "transform": [
                [1.0, 0.0, -0.0, 0.0, -0.0, 1e-06, -1.0, 0.37472, -0.0, 1.0, 1e-06, 0.0, 0.0, 0.0, 0.0, 1.0],
                [1.0, 0.0, -0.0, -0.0, -0.0, 1e-06, -1.0, 0.439285, -0.0, 1.0, 1e-06, -0.0, 0.0, 0.0, 0.0, 1.0],
                [1.0, 0.0, -0.0, 0.0, -0.0, 1e-06, -1.0, 0.37472, -0.0, 1.0, 1e-06, 0.0, 0.0, 0.0, 0.0, 1.0],
                [1.0, -0.0, 0.0, -6.1e-05, 0.0, 1e-06, -1.0, 0.375458, 0.0, 1.0, 1e-06, 0.000122, 0.0, 0.0, 0.0, 1.0],
                [1.0, 0.0, 0.0, -0.000225, 0.0, 1e-06, -1.0, 0.375354, -0.0, 1.0, 0.0, 0.000762, 0.0, 0.0, 0.0, 1.0],
                [1.0, 0.0, -0.0, 0.0, -0.0, 1e-06, -1.0, 0.37472, -0.0, 1.0, 1e-06, -0.0, 0.0, 0.0, 0.0, 1.0]
            ]
        },
        {
            "name": "Torso",
            "time": [0.0, 0.1667, 0.25, 0.2667, 0.4833, 0.5],
            "transform": [
                [1.0, 0.0, -0.0, 0.0, 0.0, 1.0, -0.0, 0.05, -0.0, 0.0, 1.0, -0.0, 0.0, 0.0, 0.0, 1.0],
                [0.931307, 0.014637, -0.36394, -0.0, 0.01056, 0.997687, 0.067146, 0.05, 0.364081, -0.066377, 0.928999, -0.0, 0.0, 0.0, 0.0, 1.0],
                [0.998235, 0.054229, 0.024224, -0.0, -0.050136, 0.988038, -0.145833, 0.05, -0.031842, 0.144361, 0.989013, 0.0, 0.0, 0.0, 0.0, 1.0],
                [1.0, 0.0, -0.0, 0.000214, -0.0, 1.0, 0.0, 0.050584, -0.0, -0.0, 1.0, 0.000229, 0.0, 0.0, 0.0, 1.0],
                [1.0, 0.0, -0.0, -3.1e-05, -0.0, 1.0, 0.0, 0.050218, -0.0, -0.0, 1.0, 0.000229, 0.0, 0.0, 0.0, 1.0],
                [1.0, 0.0, -0.0, -0.0, 0.0, 1.0, -0.0, 0.05, -0.0, 0.0, 1.0, 0.0, 0.0, 0.0, 0.0, 1.0]
            ]
        },
        {
            "name": "Chest",
            "time": [0.0, 0.1667, 0.25, 0.2667, 0.4833, 0.5],